date,export_mln_usd,import_mln_usd,balance_mln_usd,total_mln_usd
2023-01,284416.56,192582.17,91834.4,476998.73
2023-02,208678.48,196661.69,12016.79,405340.17
2023-03,302493.93,225438.17,77055.76,527932.09
2023-04,288152.85,203111.97,85040.88,491264.82
2023-05,280946.46,215836.89,65109.57,496783.35
2023-06,283443.17,213966.72,69476.45,497409.89
2023-07,280829.45,201468.22,79361.23,482297.67
2023-08,283865.85,216621.29,67244.56,500487.14
2023-09,296498.08,221291.3,75206.78,517789.38
2023-10,274216.7,218221.6,55995.1,492438.31
2023-11,292673.36,223339.12,69334.24,516012.48
2023-12,303532.94,228223.92,75309.02,531756.87
2024-01,306224.05,222529.36,83694.7,528753.41
2024-02,221659.07,180675.33,40983.74,402334.4
2024-03,279138.17,220560.45,58577.71,499698.62
2024-04,291717.29,219838.25,71879.03,511555.54
2024-05,301603.11,220206.91,81396.2,521810.02
2024-06,307235.75,208198.44,99037.32,515434.19
2024-07,300223.72,214744.46,85479.25,514968.18
2024-08,308242.31,216689.66,91552.65,524931.97
2024-09,303372.46,221615.36,81757.1,524987.83
2024-10,308855.48,213138.57,95716.91,521994.04
2024-11,311877.39,214551.37,97326.02,526428.77
2024-12,335645.88,230469.91,105175.97,566115.8
2025-01,324262,186364,137898,510625
2025-02,214772,183589,31184,398361
2025-03,313044,211149,101894,524193
2025-04,315116,219255,95861,534371
2025-05,315631,212966,102666,528597
2025-06,324617,210846,113772,535463
2025-07,321216,223843,97373,545060
2025-08,321281,220275,101006,541556
2025-09,328149,239426,88723,567575
2025-10,304916,216917,87998,521833
2025-11,329990,220133,109858,550123
2025-12,357238,245310,111928,602547
2026-01,356557,236551,120006,593108
2026-02,299759,210522,89237,510280
2026-03,320991,271176,49815,592166
2026-04,359123,274758,84365,633881
2026-05,376298,271267,105031,647565
2026-06,411837,286370,125467,698208
2026-07,397833,285333,112500,683166
2026-08,401441,282356,119085,683797

